index,Cl,Cm
0,0.206543308380435,-0.0466878166328894
1,0.21077566643669,-0.0469159789528848
2,0.196982527568817,-0.0465848466038359
3,0.190920718329655,-0.0465562128662901
4,0.209127242027552,-0.0464545767137481
5,0.221240897817285,-0.0500594303996115
6,0.224489626549163,-0.0468552755042269
7,0.215669105859148,-0.0481441175148897
8,0.186860120132525,-0.0458710596518749
9,0.192649686943043,-0.0460630093977898
10,0.199391132283498,-0.0472083358074949
11,0.208529297467543,-0.0453790007111292
12,0.205121170271371,-0.0461655238466841
13,0.209808611024815,-0.0467082006781589
14,0.217111853619497,-0.047230787223672
15,0.218849445266024,-0.0481629737438508
16,0.208985493014577,-0.0480395897375294
17,0.217337740309684,-0.048542829022952
18,0.2153127702222,-0.0480397005019918
19,0.214579601884257,-0.0466573571044436
20,0.202805771200258,-0.0468698101927914
21,0.19809048216908,-0.0477615058319227
22,0.208474742622253,-0.0483214891220125
23,0.191648690640582,-0.0474251048846745
24,0.213872330805582,-0.0462645262002897
25,0.219313768779923,-0.0473967702970748
26,0.186303432323804,-0.0469721938370483
27,0.213614239368105,-0.0473967165894365
28,0.211192447481261,-0.0472902876793334
29,0.216249785043358,-0.0479176877116197
30,0.200412757161657,-0.0465667157435017
31,0.22195241498363,-0.0481203015889051
32,0.233788359294644,-0.049074047121149
33,0.206441693541691,-0.0481499180204242
34,0.223803816930397,-0.0490708081946364
35,0.188044306910054,-0.0478153387231275
36,0.206803014201912,-0.046847477213429
37,0.19714955570326,-0.0469882236132886
38,0.184938192451705,-0.046250784693975
39,0.214042952713664,-0.0482154486678535
40,0.187705033911877,-0.0463293532487292
41,0.246990118390933,-0.048183598448444
42,0.216527285349742,-0.0481108518188685
43,0.214450107813697,-0.0477984444627848
44,0.199093967667736,-0.0475924146889104
45,0.208876374429011,-0.0459941505866046
46,0.240222318938321,-0.0478025450839412
47,0.201995945952861,-0.0460018702012231
48,0.241189804329039,-0.0484217703331768
49,0.19970435243828,-0.04610393043755
50,0.194117234970323,-0.0451874257174208
51,0.227609765112581,-0.0482370424875881
52,0.228090484618421,-0.048600791554305
53,0.18965102700545,-0.0466000041057206
54,0.198992897932457,-0.0475309999910105
55,0.195191305518804,-0.0469913915644914
56,0.211700239779198,-0.0467623512781559
57,0.205709209832046,-0.0473319409344885
58,0.207336618158645,-0.0462048743121592
59,0.211275586164793,-0.0467387554860493
60,0.213053154385528,-0.0465808115507285
61,0.205622264819669,-0.0480778086206294
62,0.231508579746458,-0.0482103210720767
63,0.203441442889605,-0.0473572895832674
64,0.200016024239503,-0.0474755901605066
65,0.201202369899248,-0.0472592988658579
66,0.198800013043335,-0.0477464213009185
67,0.204326966405837,-0.0476088606593212
68,0.227364567683364,-0.0475252723735766
69,0.210188971750799,-0.0475304916135761
70,0.214975201508541,-0.047718379860288
71,0.21500680164718,-0.0478755825874487
72,0.221878359656862,-0.0466857030792314
73,0.228030194796653,-0.0482506134306729
74,0.20399827564745,-0.0463393083348856
75,0.227682070511825,-0.0488639925713378
76,0.198090111109543,-0.0470812171116242
77,0.183588796474207,-0.0453211983890899
78,0.189181682712502,-0.047000946212393
79,0.208905228093213,-0.0470131423401995
80,0.20858319503988,-0.0473746949012835
81,0.194040085493614,-0.0459804449381579
82,0.198504184465214,-0.0469127288723921
83,0.214401216663744,-0.0478006186099342
84,0.210212688061266,-0.0457098530958046
85,0.193123160886083,-0.0466131860461842
86,0.214433189248897,-0.0463678574097031
87,0.20619079149232,-0.0461831168889756
88,0.199402665256794,-0.0475070865298434
89,0.178098142839142,-0.0477349168272323
90,0.205890338282835,-0.0467490046737628
91,0.215709825858345,-0.0470314718172891
92,0.214917101931258,-0.0476325347753086
93,0.202447446932851,-0.0467774619324478
94,0.207871335674169,-0.0459303623796887
95,0.230347998792676,-0.0460974760682065
96,0.210012270878971,-0.0476638313473468
97,0.214464183267682,-0.0459812489969788
98,0.199087711616462,-0.0471873229065305
99,0.225516783663639,-0.0479093155524451
100,0.19444910649696,-0.0469049964880652
101,0.203297906888063,-0.0466997539093667
102,0.210301718905388,-0.0474067772215826
103,0.194913148972058,-0.0462884085646611
104,0.19812030172904,-0.04621291273426
105,0.208169924403558,-0.0479693585978523
106,0.231718543389823,-0.0490163132587805
107,0.194904274284574,-0.0459643765387836
108,0.212626685004486,-0.0471146076430811
109,0.220470841989036,-0.0476362604728818
110,0.229441161351431,-0.0473598846113115
111,0.211248573916283,-0.0481340987541985
112,0.195377410051554,-0.0484288329303931
113,0.181543510473883,-0.0460941800238559
114,0.19417164140349,-0.0470198141549792
115,0.233265950554365,-0.0477382739710547
116,0.208392262348298,-0.0474653502656079
117,0.207905725139274,-0.0470364873011772
118,0.189460204603243,-0.0474609812596553
119,0.217933217169976,-0.0465533566926921
120,0.208758577396419,-0.0485769335384081
121,0.202684096267128,-0.0466901073998705
122,0.189384217387566,-0.0469016462695461
123,0.21204719793504,-0.0474456589917309
124,0.204816988195543,-0.046885613823484
125,0.200465308966282,-0.0474593434154428
126,0.201319477946065,-0.0478080371658354
127,0.187243798511844,-0.045676106310064
128,0.206339393809081,-0.0454516797599553
129,0.195104598682894,-0.0480274848048774
130,0.205454403307679,-0.0473529166493939
131,0.225707973019207,-0.0476924684107634
132,0.216547210469083,-0.0481717863133725
133,0.209383962098237,-0.047424380891708
134,0.221728296220251,-0.0474495117466714
135,0.203862208397962,-0.0468632088106317
136,0.220782200994073,-0.0473154190081775
137,0.194941152187301,-0.0456063424936255
138,0.2041445650094,-0.0479248599825455
139,0.185282868749,-0.0469119443786235
140,0.214383196481929,-0.0481278833873104
141,0.208702476954197,-0.0460363425287464
142,0.216418924463647,-0.0472509155300927
143,0.207072159969516,-0.0472301904735821
144,0.179745894158398,-0.0479469396739389
145,0.197052077327786,-0.045931010786671
146,0.210352209676023,-0.0469480985455447
147,0.200629797341678,-0.0477321970353303
148,0.184304730327573,-0.0457990948798558
149,0.216443229118061,-0.0462252249770644
150,0.178613300338946,-0.0467461553435377
151,0.195796284477039,-0.0475759922539495
152,0.208344234154592,-0.046761523381467
153,0.196916474157615,-0.0468040615126564
154,0.21156200474795,-0.0472000469952905
155,0.205894126442894,-0.0466821212691357
156,0.221854739726408,-0.0475589328286866
157,0.185377222609245,-0.0462898537553015
158,0.221993109536941,-0.0494063299900654
159,0.209681034707897,-0.0473866882715907
160,0.227307976271607,-0.046214665813513
161,0.182086003745268,-0.0453506401832934
162,0.20816379615405,-0.0475815629841254
163,0.242264950425613,-0.0485055494089266
164,0.227101767943647,-0.0470833000441436
165,0.211767874467112,-0.0470369265427872
166,0.224969878182795,-0.0505808793847724
167,0.211888838187949,-0.046941660732779
168,0.235608654090947,-0.0466960955725987
169,0.216498186128962,-0.0474171104633503
170,0.219867581917286,-0.0488296941099832
171,0.176107369485627,-0.0457836242050551
172,0.204219195206999,-0.0481873685790608
173,0.229752850160921,-0.0475236834489541
174,0.214543989143925,-0.0471389835854767
175,0.205565872717732,-0.047160538469848
176,0.196613739555121,-0.0470728666158984
177,0.237394727513759,-0.0482561984312993
178,0.218746816890027,-0.0466962034429304
179,0.222651893903799,-0.0491633019407793
180,0.212678746358462,-0.0470182718245312
181,0.20857776620869,-0.0473569236505518
182,0.185281653672531,-0.0469562911427244
183,0.226191184152441,-0.0470308224163599
184,0.210179750112961,-0.0463847646291632
185,0.228400484914901,-0.0468420483046815
186,0.208975926828058,-0.0477605960779945
187,0.189274046100454,-0.0476434096384491
188,0.234258509774139,-0.0497912218168553
189,0.223352795005659,-0.0462914272455897
190,0.231899114380372,-0.0478766120949438
191,0.2053053025267,-0.0469300635477346
192,0.211123486813165,-0.0465351774873666
193,0.225746740133358,-0.0481315219117979
194,0.202215529619986,-0.0444158919214899
195,0.193505857118913,-0.0474128810477767
196,0.20169862794698,-0.0480004386992502
197,0.213083058863614,-0.046408959590959
198,0.238152199683874,-0.0467591829070602
199,0.239842971263671,-0.047326080195973
200,0.210047756478883,-0.0470155018483538
201,0.210119072417451,-0.0480326397032873
202,0.227095289197832,-0.0498133205222482
203,0.198899125056949,-0.0475733228014042
204,0.214074099653334,-0.04610625591864
205,0.218079311830771,-0.0479166624345794
206,0.22129441343562,-0.047538590262721
207,0.200422621110324,-0.0465927630344356
208,0.224791229188123,-0.046810080889967
209,0.212277467554904,-0.0476429968351728
210,0.211605559425902,-0.0466910493121938
211,0.220274896008931,-0.0474301265863789
212,0.218921594693729,-0.0481702394438061
213,0.180705278159255,-0.0468260192178672
214,0.208707932402159,-0.0467332732333293
215,0.24083133970148,-0.0480238382492089
216,0.229877963751313,-0.0475091150062509
217,0.195008459886946,-0.0459431516395043
218,0.213350352889756,-0.0463617353575954
219,0.232746820916157,-0.0478484035851195
220,0.219515819649314,-0.0480346596624492
221,0.212296582493772,-0.0475714026356543
222,0.19186349576894,-0.046087311207673
223,0.202051052748594,-0.0459750544703689
224,0.21829756122083,-0.0501440405348888
225,0.21869045958178,-0.0474367826204438
226,0.205616527504203,-0.0459229912713197
227,0.208107531023748,-0.0474393500986518
228,0.213724964814119,-0.0467043511100163
229,0.194396320243872,-0.0465447966370259
230,0.217295188951066,-0.0489379002948385
231,0.204711659881935,-0.0481053204863862
232,0.184705154330996,-0.0465875207735355
233,0.219546882246554,-0.0475958422983007
234,0.214676363518919,-0.0488371714793405
235,0.184218419524541,-0.047275501381639
236,0.216958919215585,-0.0476290279416188
237,0.20708832072165,-0.0477655552296142
238,0.202162798189415,-0.0477807683064863
239,0.2071649519217,-0.0473707864764591
240,0.207993904341076,-0.0475773474839021
241,0.214947211580457,-0.0466078373609527
242,0.217636585559711,-0.0466773269707093
243,0.214333190872412,-0.0477874873362613
244,0.205539856827368,-0.047096073874078
245,0.195222691830675,-0.04591322303876
246,0.188081675301836,-0.0471990372014433
247,0.229216884294076,-0.0470993382888161
248,0.193046438016392,-0.0475251751047018
249,0.216483999672992,-0.0475445254100687
250,0.226114426866179,-0.04753417240006
251,0.205610784663984,-0.045382492143758
252,0.219923888471958,-0.0486601470640697
253,0.211235321148757,-0.0460432820008079
254,0.212489856639656,-0.0487074948623136
255,0.212898929984441,-0.0472710658287525
